
DROP TABLE IF EXISTS `biomarkers`;
/*!40101 SET @saved_cs_client     = @@character_set_client */;
/*!50503 SET character_set_client = utf8mb4 */;
CREATE TABLE `biomarkers` (
                              `userId` varchar(255) NOT NULL COMMENT '用户ID',
                              `geneticTesting` text COMMENT '基因检测',
                              `hormoneLevels` text COMMENT '荷尔蒙水平',
                              `createTime` datetime NOT NULL DEFAULT CURRENT_TIMESTAMP COMMENT '创建时间',
                              `updateTime` datetime NOT NULL DEFAULT CURRENT_TIMESTAMP COMMENT '修改时间',
                              PRIMARY KEY (`userId`)
) ENGINE=InnoDB DEFAULT CHARSET=utf8mb4 COLLATE=utf8mb4_0900_ai_ci COMMENT='生物标志物表';
/*!40101 SET character_set_client = @saved_cs_client */;

--
-- Dumping data for table `biomarkers`
--

LOCK TABLES `biomarkers` WRITE;
/*!40000 ALTER TABLE `biomarkers` DISABLE KEYS */;
INSERT INTO `biomarkers` VALUES ('1794379498509651970',NULL,NULL,'2024-07-20 16:47:49','2024-07-26 22:59:19'),('1795036037297831938',NULL,NULL,'2024-06-11 10:35:27','2024-06-11 10:35:27'),('1795112168210362369',NULL,NULL,'2024-06-10 23:29:10','2024-07-27 11:23:09'),('1795821824436199426',NULL,NULL,'2024-07-14 08:59:30','2024-07-27 09:50:24');
/*!40000 ALTER TABLE `biomarkers` ENABLE KEYS */;
UNLOCK TABLES;

--
-- Table structure for table `body_health`
--

DROP TABLE IF EXISTS `body_health`;
/*!40101 SET @saved_cs_client     = @@character_set_client */;
/*!50503 SET character_set_client = utf8mb4 */;
CREATE TABLE `body_health` (
                               `userId` varchar(255) NOT NULL COMMENT '用户ID',
                               `birthDate` date DEFAULT NULL COMMENT '出生日期',
                               `height` decimal(5,2) DEFAULT NULL COMMENT '身高（米）',
                               `weight` decimal(5,2) DEFAULT NULL COMMENT '体重（千克）',
                               `BMI` decimal(5,2) DEFAULT NULL COMMENT '身体质量指数（BMI）',
                               `bodyTemperature` decimal(4,2) DEFAULT NULL COMMENT '体温（摄氏度）',
                               `bloodPressure` varchar(10) DEFAULT NULL COMMENT '血压（高压/低压）',
                               `heartRate` int DEFAULT NULL COMMENT '心率（次/分钟）',
                               `bloodSugarLevel` decimal(5,2) DEFAULT NULL COMMENT '血糖水平（mmol/L）',
                               `bloodLipid` decimal(5,2) DEFAULT NULL COMMENT '血脂（mmol/L）',
                               `bloodOxygenSaturation` decimal(4,2) DEFAULT NULL COMMENT '血氧浓度（%）',
                               `age` int DEFAULT NULL COMMENT '年龄',
                               `createTime` datetime NOT NULL DEFAULT CURRENT_TIMESTAMP COMMENT 'dataTime',
                               `updateTime` datetime NOT NULL DEFAULT CURRENT_TIMESTAMP COMMENT '更新时间',
                               PRIMARY KEY (`userId`)
) ENGINE=InnoDB DEFAULT CHARSET=utf8mb4 COLLATE=utf8mb4_0900_ai_ci COMMENT='身体健康信息表';
/*!40101 SET character_set_client = @saved_cs_client */;

--
-- Dumping data for table `body_health`
--

LOCK TABLES `body_health` WRITE;
/*!40000 ALTER TABLE `body_health` DISABLE KEYS */;
INSERT INTO `body_health` VALUES ('1794379498509651970',NULL,2.00,NULL,NULL,NULL,NULL,NULL,NULL,NULL,NULL,1,'2024-07-20 16:47:49','2024-07-26 22:59:19'),('1795036037297831938',NULL,NULL,NULL,NULL,NULL,NULL,NULL,NULL,NULL,NULL,NULL,'2024-06-11 10:35:27','2024-06-11 10:35:27'),('1795112168210362369',NULL,170.00,53.00,18.30,NULL,NULL,NULL,NULL,NULL,NULL,21,'2024-06-10 23:29:10','2024-07-27 11:23:09'),('1795821824436199426',NULL,NULL,NULL,NULL,NULL,NULL,NULL,NULL,NULL,NULL,18,'2024-07-14 08:59:30','2024-07-27 09:50:24');
/*!40000 ALTER TABLE `body_health` ENABLE KEYS */;
UNLOCK TABLES;

--
-- Table structure for table `health_behaviors`
--

DROP TABLE IF EXISTS `health_behaviors`;
/*!40101 SET @saved_cs_client     = @@character_set_client */;
/*!50503 SET character_set_client = utf8mb4 */;
CREATE TABLE `health_behaviors` (
                                    `userId` varchar(255) NOT NULL COMMENT '用户ID',
                                    `eatingHabits` text COMMENT '饮食习惯',
                                    `exerciseHabits` text COMMENT '运动习惯',
                                    `smokingAndDrinking` text COMMENT '吸烟饮酒',
                                    `sleepPattern` text COMMENT '睡眠模式',
                                    `createTime` datetime NOT NULL DEFAULT CURRENT_TIMESTAMP COMMENT '创建时间',
                                    `updateTime` datetime NOT NULL DEFAULT CURRENT_TIMESTAMP COMMENT '更新时间',
                                    PRIMARY KEY (`userId`)
) ENGINE=InnoDB DEFAULT CHARSET=utf8mb4 COLLATE=utf8mb4_0900_ai_ci COMMENT='健康行为表';
/*!40101 SET character_set_client = @saved_cs_client */;

--
-- Dumping data for table `health_behaviors`
--

LOCK TABLES `health_behaviors` WRITE;
/*!40000 ALTER TABLE `health_behaviors` DISABLE KEYS */;
INSERT INTO `health_behaviors` VALUES ('1794379498509651970',NULL,NULL,NULL,NULL,'2024-07-20 16:47:49','2024-07-26 22:59:19'),('1795036037297831938',NULL,NULL,NULL,NULL,'2024-06-11 10:35:27','2024-06-11 10:35:27'),('1795112168210362369',NULL,NULL,NULL,NULL,'2024-06-10 23:29:10','2024-07-27 11:23:09'),('1795821824436199426',NULL,NULL,NULL,NULL,'2024-07-14 08:59:30','2024-07-27 09:50:24');
/*!40000 ALTER TABLE `health_behaviors` ENABLE KEYS */;
UNLOCK TABLES;

--
-- Table structure for table `history`
--

DROP TABLE IF EXISTS `history`;
/*!40101 SET @saved_cs_client     = @@character_set_client */;
/*!50503 SET character_set_client = utf8mb4 */;
CREATE TABLE `history` (
                           `id` int NOT NULL AUTO_INCREMENT,
                           `userId` varchar(255) NOT NULL,
                           `uuid` varchar(255) NOT NULL,
                           `sessionId` varchar(255) NOT NULL,
                           `creationTime` timestamp NOT NULL COMMENT '创建时间',
                           PRIMARY KEY (`id`)
) ENGINE=InnoDB AUTO_INCREMENT=216 DEFAULT CHARSET=utf8mb3;
/*!40101 SET character_set_client = @saved_cs_client */;

--
-- Dumping data for table `history`
--

LOCK TABLES `history` WRITE;
/*!40000 ALTER TABLE `history` DISABLE KEYS */;
INSERT INTO `history` VALUES (36,'1796008402853875713','7106b6fb-df4c-4b0a-9b3e-6842921ccdf6','520aeed00afc48289859140a8d03fad9','2024-06-28 07:39:31'),(38,'1796008402853875713','0cf3329f-ea95-4a4f-a568-fd5443d03774','033c67b613fc4628bd49cbc9e722169c','2024-06-28 13:25:17'),(41,'1795821824436199426','2538492f-7998-45f8-8239-b326836e1a55','eadfb3dd258a474eb7f5fb10658ee1d2','2024-07-01 08:43:38'),(42,'1796008402853875713','3c4c4c62-a897-4771-a04c-38196b1603ae','007ff95952ef48728044ac71f2322e4e','2024-07-01 20:49:37'),(44,'1796008402853875713','314d34eb-f5cb-4a51-b1b6-7b67b87c144c','fce013a96a7c4b1383279a1747013594','2024-07-03 16:08:31'),(45,'1796095991261814786','ef2b74ce-ffa3-48b7-8d4d-77139658b963','5f0e9227c34a427983e1c4f3ea8fbfba','2024-07-04 19:05:44'),(47,'1809012068691521538','ee058f8e-a7cd-4080-b182-afb6fece99ea','2a6c6c6fab334caa9164436349cb5fc0','2024-07-05 07:52:43'),(48,'1796008402853875713','b92ac8b3-ea42-4c57-b3ec-0bffc910dedd','b024b6747e964a869c33f9e19d179958','2024-07-05 15:29:52'),(49,'1796008402853875713','a424054b-69f7-429a-b756-68a9140d4e0c','fde24944987d4e1886b3b756a2ff0219','2024-07-05 16:24:04'),(50,'1796008402853875713','19308991-e58b-488f-a7ca-c3ea22849c70','49c27f1bf32e445baac07d7003b7711c','2024-07-05 16:36:36'),(52,'1796008402853875713','7181c15f-d7e6-4155-ab28-715ab4f05bb3','f51848c0d3844c9898bf80762a775591','2024-07-05 16:54:34'),(54,'1795821824436199426','885570d2-46d2-4ac2-9239-f3cf60cf2d00','32f4ae271901433fb0926352f42d5b94','2024-07-05 21:28:06'),(57,'1796008402853875713','f0a958f4-e645-4398-99bc-dc926da623c4','4439353e476a4cc9acb23ad7ee95890f','2024-07-08 12:09:57'),(61,'1796008402853875713','1ed5c3fd-2eaf-46eb-86a0-a5cc062becc2','982e445ff4c24ebeb500bdf5cdb623b7','2024-07-09 15:58:59'),(62,'1810592709111492610','6a458cf6-8b4f-491b-90e5-f8562dcaf383','8cceac18ba694fe9877bb0e174e6320b','2024-07-09 16:32:50'),(63,'1796008402853875713','a5716ddf-f131-4a78-9fbd-8aae20bfadbb','94569e2fdca34130800780c825f35a00','2024-07-10 10:56:32'),(68,'1811266985741299714','21794c8c-2619-4218-8973-84e682163e23','2e96a84414c04236a04544cb258d3361','2024-07-11 13:11:38'),(69,'1796008402853875713','2c54e314-1614-4c9f-8562-7a9473647640','df75901322f44c519573f901a5343123','2024-07-12 06:34:48'),(71,'1796008402853875713','659a759a-cf53-4c76-9483-581e71f24cc8','ceea9da5cc964266aa765f577d45e116','2024-07-13 07:30:49'),(76,'1796008402853875713','63d986be-fccb-4fcf-bdc4-7dbb28b4385f','1041da20faf04c6baacec3848e9409c7','2024-07-13 11:37:24'),(80,'1794379498509651970','086fcaa6-3087-4e92-898c-738822f3a8a3','7d47e214e70849d599741846aeabe688','2024-07-14 13:15:33'),(83,'1796008402853875713','cbeac061-835f-46e9-af30-d1ab81966310','38b74c12498a4b78bbf1cbf1012c5b5d','2024-07-15 03:04:51'),(86,'1812740345247580161','3d17cf18-63b6-4710-b77b-ac01b57898e5','88c9f2735cf64faebeb50fee500e02b8','2024-07-15 14:46:03'),(87,'1812740397919649793','e11b5d8e-b733-4102-bbdf-f08e6124d356','a59fed5aee2642c19d3742ee5bfea00d','2024-07-15 14:46:17'),(88,'1812740603071447041','0fb6dcc6-5e41-487b-901c-fc6091f03d9b','470c3730a0714a4895d59bdcc1f03967','2024-07-15 14:47:41'),(93,'1794379498509651970','be659d6f-e763-48c3-b836-5822f7004d35','12f324e7616e4b1eb50440b9b5b4aaea','2024-07-16 23:23:49'),(94,'1796008402853875713','b5f78714-13fe-4470-b2ec-ceb721381625','90d52e9967dd48d89be1bbf5ebb64991','2024-07-17 17:58:15'),(95,'1795821824436199426','a37796a7-0e34-4274-b42c-8ab58e6c69ad','783ed721c98d46bda96cedec1421cc55','2024-07-18 10:17:28'),(96,'1813187172241522690','f7cd3074-2d57-4dc8-99ff-da33cd080e67','3e3f5a7e52b94ac982bd0d669c6918c5','2024-07-18 16:27:54'),(97,'1795821824436199426','36a2311b-9bb9-4107-be80-067e3f5f2d54','45d5c1cd2cbe4863a684dce7221159fd','2024-07-18 18:49:42'),(99,'1796008402853875713','250d40d0-ab08-4bfa-9269-4a1ca5f8757e','b51fb39f778b4cc09151eb919d01eb79','2024-07-19 11:19:08'),(101,'1796008402853875713','9cf727fc-5c2e-4abe-85a0-08a4fde3123d','9d274c6aabf944b5b51f9c42e729cd63','2024-07-19 13:26:40'),(102,'1810592709111492610','b671cc3c-6fef-4bd6-abe1-a576161491fb','ce44c2550ba7476b83477e0a8180225c','2024-07-19 14:58:08'),(107,'1795821824436199426','9da77493-3702-479b-915e-1169f46e7341','2bb420838cc346ce82b483e75192b80d','2024-07-20 15:24:32'),(108,'1795821824436199426','dc95ebb2-6481-42c6-bde8-0407bac8602e','70a9aa30105c46f9b3983f8bc1bd7f96','2024-07-20 15:25:19'),(110,'1795821824436199426','8bcd336e-2383-44c3-acfc-df94c82ffff1','e80a9b847e5d44d1abd909a19305e243','2024-07-20 22:07:36'),(111,'1795821824436199426','8bcd336e-2383-44c3-acfc-df94c82ffff1','41fc0a71ba1f45d48fb1968cbc02da2d','2024-07-20 22:07:06'),(114,'1794379498509651970','9e6afd09-5de3-4dc5-b8b4-4613a0823348','bf4ebb35e1714500b600b28f48dc2d76','2024-07-20 23:08:45'),(115,'1794379498509651970','3794b365-5a9e-4214-b5d3-d8c877294163','012e39ff8dd24baea16d28f220fe2a16','2024-07-20 23:42:08'),(119,'1795821824436199426','630c6a80-1ae9-49ea-8bc9-d54635e110d7','cccedbe25eab482ab19796d15c78749a','2024-07-20 23:51:40'),(123,'1814904819161284610','ae3059e7-e7cc-42b3-ae45-4602680d01be','fbb87a082c5d4613b39f0c0bda5967e5','2024-07-21 14:09:19'),(126,'1814904897280196609','b472e9a8-28e1-49be-8d77-f23d629b63c1','78f25604358848f8ad69c939b9aebe33','2024-07-22 01:48:33'),(127,'1814904897280196609','626d996c-66b9-4caa-af2d-22447a53412f','093ad427a7a847fc935af641ccc388dd','2024-07-22 01:53:29'),(128,'1796008402853875713','53293da3-738a-42fa-96d8-058e1ef656a5','9811fd212f6a402f93a5c760bd41f438','2024-07-22 10:01:51'),(129,'1796008402853875713','53293da3-738a-42fa-96d8-058e1ef656a5','9b0d5c610d8f4c7faeed0b3a2cdcdfef','2024-07-22 10:01:18'),(130,'1796008402853875713','9a268501-b470-4318-8174-fdacf1243c76','e3072993990f43789a460898aaea75fc','2024-07-22 10:03:44'),(131,'1796008402853875713','9a268501-b470-4318-8174-fdacf1243c76','77fc1e682e7c4ea5b134109175598859','2024-07-22 10:03:13'),(132,'1796008402853875713','5c99591f-3522-48b0-ae1e-f54dde19e8c5','a29777cff74b41efb24b461adf39b4f7','2024-07-22 10:06:41'),(134,'1795821824436199426','c4ca99cc-a747-4ab2-9e47-2a27c6fb88f7','89089c585ab74f63ae3cdcdea201a7cd','2024-07-22 10:34:33'),(136,'1796008402853875713','5dc36b3b-7e89-4738-b278-e5eadfb2ed6c','e4264763a03d4f098f8c6df70476f217','2024-07-22 14:19:41'),(137,'1796008402853875713','5dc36b3b-7e89-4738-b278-e5eadfb2ed6c','497309be34144fc6a691e69fa2a02ab6','2024-07-22 14:19:18'),(138,'1796008402853875713','960bf5c2-5d18-43c9-a0b8-1da74aa5eee4','29b70e7c33834d48ba8a6902f26ca99b','2024-07-22 14:22:58'),(141,'1796008402853875713','b7d44cbe-163e-4311-bb6f-ce011ebb27e7','7a5d1483689d4ed9961b4ba9d7897291','2024-07-22 17:29:44'),(142,'1796008402853875713','9da83f47-478b-4b94-b2cd-deb9606cdf81','c9e36f0fafd34332935b4074aee6505f','2024-07-22 20:09:28'),(143,'1796008402853875713','7aa44866-878b-440d-b3f4-f5ed7a7163f1','13491408786e47f19ae4bfb3c682dd67','2024-07-22 20:18:37'),(145,'1796008402853875713','d97ba7d9-e833-4ccc-8bd3-59daa81cc146','6957aabcca2b4405881fbec9ee171d57','2024-07-22 22:48:31'),(146,'1796008402853875713','ea0de78c-be00-4a91-8485-219e8123918c','7eacc84cb7c34f4daa87a4766bea5faa','2024-07-22 22:50:11'),(147,'1796008432914452481','2372484f-6f33-4fef-8ed6-93e92d85cc71','b4b07616a13543a29b850e5287218d29','2024-07-23 09:23:12'),(148,'1796008432914452481','51d37285-c1ea-42f1-bf35-f8ad22e41ec1','c7ec5fc5c96346f0ac6fc8e680f48e1d','2024-07-23 09:56:16'),(149,'1796008432914452481','51d37285-c1ea-42f1-bf35-f8ad22e41ec1','884ac94ec1ae4c06aa3bb9feb2f964b3','2024-07-23 09:55:43'),(150,'1796008432914452481','6837c0a8-22ed-43ae-b12e-b1505f4e831f','9915a8f961154f85849792c5f9d0cd50','2024-07-23 09:57:20'),(151,'1796008432914452481','6837c0a8-22ed-43ae-b12e-b1505f4e831f','f21c7b41b0264e2393c22166d31dc70a','2024-07-23 09:57:39'),(152,'1795821824436199426','65ff5d76-aabd-4831-8664-37509fafc196','517fec60aa3245f3be3bec503af99527','2024-07-23 10:00:03'),(156,'1795821824436199426','978b04aa-0fa8-48f1-b75d-2bac84c665d1','4fd7e835516c4e9f9f61a56665f904a4','2024-07-24 10:35:09'),(157,'1796008402853875713','bc1937b1-f4a8-4b2d-a988-f2381523115b','5364cedc85c94ed89a2f12d291d14f6f','2024-07-24 13:51:40'),(163,'1816352237937504258','81c01243-3d95-4271-88a6-b87e7b6015a9','31c00470ae7b46cc8818ecef6c978755','2024-07-25 13:59:44'),(164,'1816352237937504258','98a07890-28c6-41c8-8c48-63a150a73b4b','573fa9144ead48d2887a45571491216e','2024-07-25 14:07:05'),(165,'1802849217778053121','0c26e53f-f792-42a2-918e-08937d3986e2','26ba797bca4a401382c6cfc7e844aff8','2024-07-25 14:42:35'),(166,'1795112168210362369','0b445a89-bb43-4c4c-a6b2-60eefd582988','d0ea850cdc9d4fbea969df13e4bb2e77','2024-07-25 20:26:46'),(168,'1795820070462152705','3c36cd4b-631b-4c92-965a-cf310ab535ba','1a54b9eaba5e47e3ab15b999e2a17ecd','2024-07-25 21:27:41'),(170,'1795821824436199426','736428e5-7de7-4379-a2e6-bd57a73b480f','bf54da8d8081400d8b33edb56ba5c29a','2024-07-25 23:43:16'),(172,'1795821824436199426','edc003c7-0a83-49b3-b807-1d6c019db3be','f51a045fd4414570a5abb722c560aea3','2024-07-26 07:24:42'),(173,'1795821824436199426','48eacb20-004e-42c0-935c-afdf44c3b7dd','84fa56a2b4934824a311b4dba382519e','2024-07-26 09:11:13'),(176,'1794379498509651970','d5205156-21bd-46e8-8445-65ec47e03a1d','865a6ae058dd415d9164418f4953ce4e','2024-07-27 17:00:38'),(177,'1796008402853875713','0fd07d15-5905-4740-a247-3d277495df33','4cf2a19854ad49fabeaf94fd5d297514','2024-07-27 19:27:59'),(178,'1796008402853875713','e72f162c-69d5-43b3-b4e3-e0eecd9feba0','738c1b0beb924428902c0b635b3204e0','2024-07-27 19:28:25'),(182,'1795112168210362369','1797f26b-d13d-418f-8968-8c1cc0a6d475','3e2559b314dd447e84032cf83d684c53','2024-07-27 23:28:46'),(183,'1796008402853875713','26e32971-af66-4b9c-b83b-17a176db16b4','9e4f3ed0ea8c48e7a1199cabcca9417e','2024-07-28 13:07:10'),(184,'1796008402853875713','9b30b486-c953-4766-b42d-ef8518c79b18','79210c078e52485c922c0a0212b41fef','2024-07-28 15:32:04'),(186,'1797916388265410561','259addf7-89f2-48b0-a184-84474469e16f','c0c719e8fe00419eb008331417a226e0','2024-07-28 18:24:34'),(188,'1795112168210362369','cea3c679-5b26-4ffd-bd88-b2de38bffe0e','c395d4c4049a4a52a316081894f33e88','2024-07-30 23:13:09'),(189,'1795821824436199426','dab46f5d-a1ac-44bb-a31e-3d80c44c5ecd','9aba4e553f894c279beef3c70b453b29','2024-07-31 10:13:03'),(190,'1796436857214038018','23bf7f2a-65f8-41f9-8e72-7b5f534bbed7','adda052b356f4a71b71b60aa2c3c3b3e','2024-07-31 10:15:20'),(191,'1795821824436199426','6a43ab8a-4327-4f1e-8c86-a8ede46dad6a','4ea595e9ef6e4b789d48063579d7efbb','2024-07-31 10:18:43'),(192,'1795821824436199426','6a43ab8a-4327-4f1e-8c86-a8ede46dad6a','b16ec64fea84469aa7abc0ecf0718c90','2024-07-31 10:19:06'),(193,'1796008402853875713','24fe699e-69c0-4583-bd7a-c1838c40c66a','30af5d0bd19549a9a52cb0c414d09bd3','2024-07-31 10:37:40'),(195,'1796436857214038018','de9ac081-575d-4e55-80eb-0670163ca924','0c8e6fc4d21d4791a977e794ceb56b78','2024-07-31 10:44:20'),(196,'1796436857214038018','e2e94b1d-3091-4685-8f22-d0ed3513b369','0b1502ae1f21422883743f99a44b9712','2024-07-31 11:13:42'),(198,'1796084148594139138','6a87034a-878c-44bc-ba07-61d7c061dfcb','3db54d1e5193471e9273230a870c8085','2024-07-31 15:46:09'),(199,'1796436857214038018','fceeefca-9315-4b2f-953b-f4b465963d52','e369dd8e6d0b4956bd711a3acf22e6bd','2024-07-31 16:09:42'),(200,'1796436857214038018','211b5696-4e2f-4490-be18-b9ac05c0ed0d','3869fe7d5d86485ea109af25247a5347','2024-07-31 16:11:10'),(201,'1796008402853875713','d79ef296-4947-42e9-a542-8abc016d6708','cfa1e49828a4407eb357fb8b1865cab8','2024-07-31 16:11:52'),(202,'1796436857214038018','ab0623d1-f1c3-45ca-8f3e-f07aea488a0b','14f83d08b909413280f115c5611855f1','2024-07-31 16:13:22'),(204,'1796008402853875713','ae0e2711-9ac0-4793-8c42-e7ee47cccce6','c989ee7c50f949ab9282165e6eeee338','2024-07-31 16:52:47'),(206,'1796008402853875713','b8cff913-3665-41f8-8756-a76f7d09041d','cdf7141f853c40e19364778f7b72d36a','2024-07-31 17:05:21'),(207,'1796436857214038018','c0ce048f-1786-4b27-a7f7-3e8f73f07bd1','f908f080ab9e4d2e863f9c54f2ec0777','2024-07-31 18:08:18'),(208,'1796008402853875713','63a7e74e-2c75-4007-bdb4-aaf21d15f13c','e696ed77b2514b879d888123ac7dd6f1','2024-07-31 18:11:48'),(209,'1796008402853875713','250bf581-d917-49f2-b909-a0c4927fa26e','dd736333e968449cbb0e62fc2222ebda','2024-08-01 08:52:30'),(210,'1802867011831754753','36242322-5db2-42d6-b88e-0f978bcaed38','3f3c936c9cc847f7bee8d3513d980ca4','2024-08-01 09:47:14'),(211,'1802867011831754753','97e24e30-4784-4d91-91b2-8bc221a9c4f7','cec7f691c06f40119efb66c9cb7dd9cd','2024-08-01 09:56:00'),(212,'1795821824436199426','95841e1d-c4f2-42bd-9b83-d16b6568bc54','a8ddad2a21484bf19c72d48fac6f51c3','2024-08-01 14:50:59'),(213,'1796008402853875713','9e30d117-c457-495d-9afe-eda7bd52923c','23f318efa9fc40a7860bc4331a4b4746','2024-08-01 15:00:29'),(214,'1796008402853875713','390a891e-8106-4dec-b009-8f80f2477314','05e9770d43624b40b0e2216cf0fc8adb','2024-08-01 15:46:32'),(215,'1796436857214038018','aa78ba89-8a94-4597-a964-af33efc29944','1549d39d51ca41a2b85d964b14dc6c03','2024-08-01 17:06:04');
/*!40000 ALTER TABLE `history` ENABLE KEYS */;
UNLOCK TABLES;

--
-- Table structure for table `history_data`
--

DROP TABLE IF EXISTS `history_data`;
/*!40101 SET @saved_cs_client     = @@character_set_client */;
/*!50503 SET character_set_client = utf8mb4 */;
CREATE TABLE `history_data` (
                                `id` varchar(256) NOT NULL,
                                `userId` varchar(256) NOT NULL,
                                `context` text NOT NULL,
                                PRIMARY KEY (`id`)
) ENGINE=InnoDB DEFAULT CHARSET=utf8mb3;
/*!40101 SET character_set_client = @saved_cs_client */;

--
-- Dumping data for table `history_data`
--

LOCK TABLES `history_data` WRITE;
/*!40000 ALTER TABLE `history_data` DISABLE KEYS */;

--
-- Table structure for table `medical_records`
--

DROP TABLE IF EXISTS `medical_records`;
/*!40101 SET @saved_cs_client     = @@character_set_client */;
/*!50503 SET character_set_client = utf8mb4 */;
CREATE TABLE `medical_records` (
                                   `userId` varchar(255) NOT NULL COMMENT '用户ID',
                                   `pastMedicalHistory` text COMMENT '既往病史',
                                   `familyMedicalHistory` text COMMENT '家族病史',
                                   `allergyHistory` text COMMENT '过敏史',
                                   `surgicalHistory` text COMMENT '手术史',
                                   `hospitalizationRecords` text COMMENT '住院记录',
                                   `vaccinationRecords` text COMMENT '疫苗接种记录',
                                   `createTime` datetime NOT NULL DEFAULT CURRENT_TIMESTAMP COMMENT '创建时间',
                                   `updateTime` datetime NOT NULL DEFAULT CURRENT_TIMESTAMP COMMENT '更新时间',
                                   PRIMARY KEY (`userId`)
) ENGINE=InnoDB DEFAULT CHARSET=utf8mb4 COLLATE=utf8mb4_0900_ai_ci COMMENT='医疗记录表';
/*!40101 SET character_set_client = @saved_cs_client */;

--
-- Dumping data for table `medical_records`
--

LOCK TABLES `medical_records` WRITE;
/*!40000 ALTER TABLE `medical_records` DISABLE KEYS */;
INSERT INTO `medical_records` VALUES ('1794379498509651970',NULL,NULL,NULL,NULL,NULL,NULL,'2024-07-20 16:47:49','2024-07-26 22:59:19'),('1795036037297831938',NULL,NULL,NULL,NULL,NULL,NULL,'2024-06-11 10:35:27','2024-06-11 10:35:27'),('1795112168210362369',NULL,NULL,NULL,NULL,NULL,NULL,'2024-06-10 23:29:10','2024-07-27 11:23:09'),('1795821824436199426',NULL,NULL,NULL,NULL,NULL,NULL,'2024-07-14 08:59:30','2024-07-27 09:50:24');
/*!40000 ALTER TABLE `medical_records` ENABLE KEYS */;
UNLOCK TABLES;

--
-- Table structure for table `mental_health`
--

DROP TABLE IF EXISTS `mental_health`;
/*!40101 SET @saved_cs_client     = @@character_set_client */;
/*!50503 SET character_set_client = utf8mb4 */;
CREATE TABLE `mental_health` (
                                 `userId` varchar(255) NOT NULL COMMENT '用户ID',
                                 `psychologicalAssessment` text COMMENT '心理评估记录',
                                 `psychotherapyRecords` text COMMENT '心理治疗记录',
                                 `createTime` datetime NOT NULL DEFAULT CURRENT_TIMESTAMP COMMENT '创建时间',
                                 `updateTime` datetime NOT NULL DEFAULT CURRENT_TIMESTAMP COMMENT '更新时间',
                                 PRIMARY KEY (`userId`)
) ENGINE=InnoDB DEFAULT CHARSET=utf8mb4 COLLATE=utf8mb4_0900_ai_ci COMMENT='心理健康表';
/*!40101 SET character_set_client = @saved_cs_client */;

--
-- Dumping data for table `mental_health`
--

LOCK TABLES `mental_health` WRITE;
/*!40000 ALTER TABLE `mental_health` DISABLE KEYS */;
INSERT INTO `mental_health` VALUES ('1794379498509651970',NULL,NULL,'2024-07-20 16:47:49','2024-07-26 22:59:19'),('1795036037297831938',NULL,NULL,'2024-06-11 10:35:27','2024-06-11 10:35:27'),('1795112168210362369',NULL,NULL,'2024-06-10 23:29:10','2024-07-27 11:23:09'),('1795821824436199426','',NULL,'2024-07-14 08:59:30','2024-07-27 09:50:24');
/*!40000 ALTER TABLE `mental_health` ENABLE KEYS */;
UNLOCK TABLES;

--
-- Table structure for table `task_info`
--

DROP TABLE IF EXISTS `task_info`;
/*!40101 SET @saved_cs_client     = @@character_set_client */;
/*!50503 SET character_set_client = utf8mb4 */;
CREATE TABLE `task_info` (
                             `taskId` bigint NOT NULL AUTO_INCREMENT COMMENT '任务ID',
                             `userId` bigint NOT NULL COMMENT '用户ID',
                             `uuid` varchar(255) NOT NULL COMMENT '唯一标识符',
                             `prompt` text COMMENT '任务提示信息',
                             `picUrl` varchar(500) DEFAULT NULL COMMENT '图片URL（服务器的链接）',
                             `status` tinyint NOT NULL DEFAULT '0' COMMENT '任务状态（0：待执行 1：已执行）',
                             `createdAt` timestamp NULL DEFAULT CURRENT_TIMESTAMP COMMENT '创建时间',
                             `updatedAt` timestamp NULL DEFAULT CURRENT_TIMESTAMP ON UPDATE CURRENT_TIMESTAMP COMMENT '更新时间',
                             `rawPicUrl` varchar(500) DEFAULT NULL COMMENT '原图片链接',
                             PRIMARY KEY (`taskId`)
) ENGINE=InnoDB AUTO_INCREMENT=2 DEFAULT CHARSET=utf8mb4 COLLATE=utf8mb4_0900_ai_ci COMMENT='任务信息表';
/*!40101 SET character_set_client = @saved_cs_client */;

--
-- Dumping data for table `task_info`
--

LOCK TABLES `task_info` WRITE;
/*!40000 ALTER TABLE `task_info` DISABLE KEYS */;
INSERT INTO `task_info` VALUES (1,1795112168210362369,'cea3c679-5b26-4ffd-bd88-b2de38bffe0e','画一个美女图','https://qibochat.tcmhis.com/images/56d2cbaf-90fe-456a-bfe5-ca9278f747f9-1.png',0,'2024-07-30 23:13:29','2024-07-30 23:13:29','https://dashscope-result-sh.oss-cn-shanghai.aliyuncs.com/1d/6b/20240730/8cfff0c6/56d2cbaf-90fe-456a-bfe5-ca9278f747f9-1.png?Expires=1722438801&OSSAccessKeyId=LTAI5tQZd8AEcZX6KZV4G8qL&Signature=xeURfRTXfz1kdVV9ONSbXgv3h6Q%3D');
/*!40000 ALTER TABLE `task_info` ENABLE KEYS */;
UNLOCK TABLES;

--
-- Table structure for table `user`
--

DROP TABLE IF EXISTS `user`;
/*!40101 SET @saved_cs_client     = @@character_set_client */;
/*!50503 SET character_set_client = utf8mb4 */;
CREATE TABLE `user` (
                        `id` bigint NOT NULL AUTO_INCREMENT COMMENT 'id',
                        `userAccount` varchar(256) CHARACTER SET utf8mb4 COLLATE utf8mb4_unicode_ci NOT NULL COMMENT '账号',
                        `userPassword` varchar(512) CHARACTER SET utf8mb4 COLLATE utf8mb4_unicode_ci NOT NULL COMMENT '密码',
                        `unionId` varchar(256) CHARACTER SET utf8mb4 COLLATE utf8mb4_unicode_ci DEFAULT NULL COMMENT '微信开放平台id',
                        `mpOpenId` varchar(256) CHARACTER SET utf8mb4 COLLATE utf8mb4_unicode_ci DEFAULT NULL COMMENT '公众号openId',
                        `userName` varchar(256) CHARACTER SET utf8mb4 COLLATE utf8mb4_unicode_ci DEFAULT NULL COMMENT '用户昵称',
                        `userUnit` varchar(256) CHARACTER SET utf8mb4 COLLATE utf8mb4_unicode_ci DEFAULT NULL COMMENT '用户单位',
                        `userAvatar` varchar(1024) CHARACTER SET utf8mb4 COLLATE utf8mb4_unicode_ci DEFAULT NULL COMMENT '用户头像',
                        `userProfile` varchar(512) CHARACTER SET utf8mb4 COLLATE utf8mb4_unicode_ci DEFAULT NULL COMMENT '用户简介',
                        `userRole` varchar(256) CHARACTER SET utf8mb4 COLLATE utf8mb4_unicode_ci NOT NULL DEFAULT 'user' COMMENT '用户角色：user/admin/ban',
                        `createTime` datetime NOT NULL DEFAULT CURRENT_TIMESTAMP COMMENT '创建时间',
                        `updateTime` datetime NOT NULL DEFAULT CURRENT_TIMESTAMP ON UPDATE CURRENT_TIMESTAMP COMMENT '更新时间',
                        `isDelete` tinyint NOT NULL DEFAULT '0' COMMENT '是否删除',
                        `phoneNumbers` char(11) CHARACTER SET utf8mb4 COLLATE utf8mb4_unicode_ci DEFAULT NULL COMMENT '手机号',
                        `authModelVos` varchar(255) COLLATE utf8mb4_unicode_ci DEFAULT NULL COMMENT '模型权限列表',
                        PRIMARY KEY (`id`),
                        KEY `idx_unionId` (`unionId`)
) ENGINE=InnoDB AUTO_INCREMENT=1816352237937504259 DEFAULT CHARSET=utf8mb4 COLLATE=utf8mb4_unicode_ci COMMENT='用户';
/*!40101 SET character_set_client = @saved_cs_client */;

--
-- Dumping data for table `user`
--

LOCK TABLES `user` WRITE;
/*!40000 ALTER TABLE `user` DISABLE KEYS */;
INSERT INTO `user` VALUES (1793825863632478210,'123456','2d8ffbdbec8f86e66a12008a38e4d83c',NULL,NULL,'louis','gzy',NULL,NULL,'user','2024-05-24 10:06:29','2024-07-13 13:53:42',0,NULL,'[\"0\",\"1\",\"2\"]'),(1793836334531018754,'lry-szy','04ebdaa615d88fa9b97be1f894f20afd',NULL,NULL,'lirongyao','szy',NULL,NULL,'sys','2024-05-24 10:48:04','2024-07-13 14:40:08',0,NULL,'[\"4\"]'),(1793894425763053570,'15626176227','04ebdaa615d88fa9b97be1f894f20afd',NULL,NULL,'李荣耀','广东省中医院',NULL,NULL,'admin','2024-05-24 14:38:54','2024-07-13 13:53:43',0,NULL,'[\"0\",\"1\",\"2\",\"3\",\"4\",\"5\"]'),(1794379498509651970,'namego','da274f814c06743b6063bee10c19c36e',NULL,NULL,'4735333',NULL,'https://qibochat.tcmhis.com/images/20240726225934009.png',NULL,'sys','2024-05-25 22:46:25','2024-07-26 14:59:34',0,NULL,'[\"0\",\"2\",\"4\",\"5\"]'),(1794680260737437698,'947441054@qq.com','a534b9a7a44ec7f2a6e37ad326ba08fb',NULL,NULL,'1054@qq.com',NULL,NULL,NULL,'user','2024-05-26 18:41:32','2024-07-13 13:53:43',0,NULL,'[\"4\"]'),(1794763282497241089,'2498803296@qq.com','da274f814c06743b6063bee10c19c36e',NULL,NULL,'dadad',NULL,NULL,NULL,'user','2024-05-27 00:11:26','2024-07-13 13:53:43',0,NULL,'[\"4\"]'),(1795036037297831938,'1962536675@qq.com','da274f814c06743b6063bee10c19c36e',NULL,NULL,'6675@qq.com',NULL,NULL,NULL,'user','2024-05-27 18:15:16','2024-07-13 13:53:44',0,NULL,'[\"4\"]'),(1795101175115776002,'343215421@qq.com','da274f814c06743b6063bee10c19c36e',NULL,NULL,'5421@qq.com',NULL,NULL,NULL,'user','2024-05-27 22:34:06','2024-07-13 13:53:43',0,NULL,'[\"4\"]'),(1795112168210362369,'3506428503@qq.com','04ebdaa615d88fa9b97be1f894f20afd',NULL,NULL,'louis',NULL,'https://qibochat.tcmhis.com/images/20240728030353118.jpg',NULL,'sys','2024-05-27 23:17:47','2024-07-27 19:03:53',0,NULL,'[\"4\"]'),(1795115155129430018,'253362404@qq.com','299911f7b36c698b4beca2331b2b4777',NULL,NULL,'ruoshui',NULL,NULL,NULL,'user','2024-05-27 23:29:39','2024-07-13 13:53:42',0,NULL,'[\"4\"]'),(1795304514067689473,'lzhuyunsysu@163.com','b5f3dc797193f5353ef6728d7bb6ea11',NULL,NULL,'小竹子',NULL,NULL,NULL,'user','2024-05-28 12:02:05','2024-07-13 13:53:42',0,NULL,'[\"4\"]'),(1795434049094348801,'zhangge@gzucm.edu.cn','da274f814c06743b6063bee10c19c36e',NULL,NULL,'ngge@gzucm.edu.cn',NULL,NULL,NULL,'user','2024-05-28 20:36:49','2024-07-13 13:53:43',0,NULL,'[\"4\"]'),(1795701374771077122,'18813874735','da274f814c06743b6063bee10c19c36e',NULL,NULL,'4735',NULL,NULL,NULL,'user','2024-05-29 14:19:04','2024-07-13 13:53:43',0,NULL,'[\"4\"]'),(1795709637549957122,'413317802@qq.com','3f2a41221c5df5163a1c333e34e813f4',NULL,NULL,'豆豆',NULL,NULL,NULL,'user','2024-05-29 14:51:54','2024-07-13 13:53:42',0,NULL,'[\"4\"]'),(1795709761894293506,'18122393480','26696e5c06f3408e76f33965d7ad49f9',NULL,NULL,'照',NULL,NULL,NULL,'user','2024-05-29 14:52:24','2024-07-13 13:53:42',0,NULL,'[\"4\"]'),(1795802019016597506,'17180088869','da274f814c06743b6063bee10c19c36e',NULL,NULL,'张戈',NULL,NULL,NULL,'user','2024-05-29 20:59:00','2024-07-13 13:53:43',0,NULL,'[\"4\"]'),(1795820070462152705,'15016569725','da274f814c06743b6063bee10c19c36e',NULL,NULL,'徐增烽',NULL,NULL,NULL,'user','2024-05-29 22:10:44','2024-07-13 13:53:42',0,NULL,'[\"0\",\"2\",\"4\"]'),(1795821824436199426,'18235345007','da274f814c06743b6063bee10c19c36e',NULL,NULL,'李荣耀',NULL,'https://qibochat.tcmhis.com/images/20240731101446879.jpg',NULL,'sys','2024-05-29 22:17:42','2024-07-31 02:14:47',0,NULL,'[\"3\",\"4\"]'),(1795854980577091586,'15899952904','da274f814c06743b6063bee10c19c36e',NULL,NULL,'2904',NULL,NULL,NULL,'user','2024-05-30 00:29:27','2024-07-13 13:53:42',0,NULL,'[\"4\"]'),(1796008402853875713,'01','179cea26ad6d1e677eabd95ef1e95436',NULL,NULL,NULL,NULL,NULL,NULL,'sys','2024-05-30 10:39:06','2024-07-13 14:43:12',0,NULL,'[\"4\"]'),(1796008432914452481,'001','179cea26ad6d1e677eabd95ef1e95436',NULL,NULL,NULL,NULL,NULL,NULL,'sys','2024-05-30 10:39:13','2024-07-13 14:43:12',0,NULL,'[\"4\"]'),(1796008452510240770,'0001','179cea26ad6d1e677eabd95ef1e95436',NULL,NULL,NULL,NULL,NULL,NULL,'sys','2024-05-30 10:39:17','2024-07-13 14:43:12',0,NULL,'[\"4\"]'),(1796017739348434945,'bxiao0603@126.com','403173d3e82e3458ef14ad44d5282af0',NULL,NULL,'Bo',NULL,NULL,NULL,'user','2024-05-30 11:16:12','2024-07-13 13:53:42',0,NULL,'[\"4\"]'),(1796084148594139138,'13889908370','da274f814c06743b6063bee10c19c36e',NULL,NULL,'8370',NULL,NULL,NULL,'user','2024-05-30 15:40:05','2024-07-13 13:53:43',0,NULL,'[\"4\"]'),(1796095991261814786,'13556173302','da274f814c06743b6063bee10c19c36e',NULL,NULL,'3302',NULL,NULL,NULL,'user','2024-05-30 16:27:08','2024-07-13 13:53:43',0,NULL,'[\"4\"]'),(1796096299828371458,'13701081102','da274f814c06743b6063bee10c19c36e',NULL,NULL,'1102',NULL,NULL,NULL,'user','2024-05-30 16:28:22','2024-07-13 13:53:42',0,NULL,'[\"4\"]'),(1796134853677801474,'13560021023','da274f814c06743b6063bee10c19c36e',NULL,NULL,'1023',NULL,NULL,NULL,'user','2024-05-30 19:01:34','2024-07-13 13:53:42',0,NULL,'[\"4\"]'),(1796157766644654082,'13651234099','da274f814c06743b6063bee10c19c36e',NULL,NULL,'4099',NULL,NULL,NULL,'user','2024-05-30 20:32:37','2024-07-13 13:53:42',0,NULL,'[\"4\"]'),(1796409848521940994,'18237122761','da274f814c06743b6063bee10c19c36e',NULL,NULL,'2761',NULL,NULL,NULL,'user','2024-05-31 13:14:18','2024-07-13 13:53:42',0,NULL,'[\"4\"]'),(1796436159684505602,'15011988140','da274f814c06743b6063bee10c19c36e',NULL,NULL,'8140',NULL,NULL,NULL,'user','2024-05-31 14:58:51','2024-07-13 13:53:43',0,NULL,'[\"4\"]'),(1796436857214038018,'13713862577','da274f814c06743b6063bee10c19c36e',NULL,NULL,'2577',NULL,NULL,NULL,'user','2024-05-31 15:01:37','2024-07-13 13:53:43',0,NULL,'[\"4\"]'),(1796894600114827265,'15989229457','da274f814c06743b6063bee10c19c36e',NULL,NULL,'9457',NULL,NULL,NULL,'user','2024-06-01 21:20:32','2024-07-13 13:53:43',0,NULL,'[\"4\"]'),(1797436231700283393,'13592089202','da274f814c06743b6063bee10c19c36e',NULL,NULL,'9202',NULL,NULL,NULL,'user','2024-06-03 09:12:47','2024-07-13 13:53:42',0,NULL,'[\"4\"]'),(1797864271051866114,'13604052374','da274f814c06743b6063bee10c19c36e',NULL,NULL,'2374',NULL,NULL,NULL,'user','2024-06-04 13:33:39','2024-07-13 13:53:43',0,NULL,'[\"4\"]'),(1797875968076529666,'13889350965','da274f814c06743b6063bee10c19c36e',NULL,NULL,'0965',NULL,NULL,NULL,'user','2024-06-04 14:20:08','2024-07-13 13:53:43',0,NULL,'[\"4\"]'),(1797916388265410561,'13450400611','da274f814c06743b6063bee10c19c36e',NULL,NULL,'0611',NULL,NULL,NULL,'user','2024-06-04 17:00:45','2024-07-13 13:53:42',0,NULL,'[\"4\"]'),(1797987389980393474,'18910824002','da274f814c06743b6063bee10c19c36e',NULL,NULL,'4002',NULL,NULL,NULL,'user','2024-06-04 21:42:53','2024-07-13 13:53:42',0,NULL,'[\"4\"]'),(1798944853550809090,'18701090290','da274f814c06743b6063bee10c19c36e',NULL,NULL,'0290',NULL,NULL,NULL,'user','2024-06-07 13:07:30','2024-07-13 13:53:43',0,NULL,'[\"4\"]'),(1799763214526328834,'13603451501','da274f814c06743b6063bee10c19c36e',NULL,NULL,'1501',NULL,NULL,NULL,'user','2024-06-09 19:19:22','2024-07-13 13:53:42',0,NULL,'[\"4\"]'),(1800400869695438850,'15010292089','da274f814c06743b6063bee10c19c36e',NULL,NULL,'2089',NULL,NULL,NULL,'user','2024-06-11 05:33:11','2024-07-13 13:53:43',0,NULL,'[\"4\"]'),(1800406106099433473,'15920106384','da274f814c06743b6063bee10c19c36e',NULL,NULL,'6384',NULL,NULL,NULL,'user','2024-06-11 05:54:00','2024-07-13 13:53:42',0,NULL,'[\"4\"]'),(1800462527063146497,'18810266377','da274f814c06743b6063bee10c19c36e',NULL,NULL,'6377',NULL,NULL,NULL,'user','2024-06-11 09:38:12','2024-07-13 13:53:42',0,NULL,'[\"4\"]'),(1802848854752653313,'18819322185','da274f814c06743b6063bee10c19c36e',NULL,NULL,'2185',NULL,NULL,NULL,'user','2024-06-17 23:40:36','2024-07-13 13:53:42',0,NULL,'[\"4\"]'),(1802849217778053121,'18620449003','da274f814c06743b6063bee10c19c36e',NULL,NULL,'9003',NULL,NULL,NULL,'user','2024-06-17 23:42:03','2024-07-13 13:53:42',0,NULL,'[\"4\"]'),(1802867011831754753,'15626061855','f7e9b875a8b425ddb9bdd779a9fdb58a',NULL,NULL,'Vian',NULL,NULL,NULL,'user','2024-06-18 00:52:45','2024-07-13 13:53:42',0,NULL,'[\"4\"]'),(1802962143532838914,'13512735319','da274f814c06743b6063bee10c19c36e',NULL,NULL,'5319',NULL,NULL,NULL,'user','2024-06-18 07:10:47','2024-07-13 13:53:42',0,NULL,'[\"4\"]'),(1809012068691521538,'13408062732','da274f814c06743b6063bee10c19c36e',NULL,NULL,'2732',NULL,NULL,NULL,'user','2024-07-04 23:51:01','2024-07-13 13:53:42',0,NULL,'[\"4\"]'),(1810592709111492610,'13710920949','f8490cd02ba56fad2d13eb598d8a85f6',NULL,NULL,'肖春生',NULL,NULL,NULL,'user','2024-07-09 08:31:55','2024-07-13 13:53:43',0,NULL,'[\"3\",\"4\"]'),(1811266985741299714,'13552801330','da274f814c06743b6063bee10c19c36e',NULL,NULL,'1330',NULL,NULL,NULL,'user','2024-07-11 05:11:15','2024-07-13 13:53:43',0,NULL,'[\"2\",\"4\",\"5\"]'),(1812740345247580161,'13542739715','da274f814c06743b6063bee10c19c36e',NULL,NULL,'9715',NULL,NULL,NULL,'user','2024-07-15 06:45:52','2024-07-15 06:45:52',0,NULL,NULL),(1812740397919649793,'13226021181','da274f814c06743b6063bee10c19c36e',NULL,NULL,'1181',NULL,NULL,NULL,'user','2024-07-15 06:46:04','2024-07-15 06:46:04',0,NULL,NULL),(1812740603071447041,'13424479867','da274f814c06743b6063bee10c19c36e',NULL,NULL,'9867',NULL,NULL,NULL,'user','2024-07-15 06:46:53','2024-07-15 06:46:53',0,NULL,NULL),(1813187172241522690,'15918464103','4ff8ead5d1b9a0992db6f1098467265f',NULL,NULL,'fuwenjun1981',NULL,NULL,NULL,'user','2024-07-16 12:21:23','2024-07-16 12:21:23',0,NULL,'[\"4\"]'),(1813935398255116290,'18810963278','da274f814c06743b6063bee10c19c36e',NULL,NULL,'3278',NULL,NULL,NULL,'user','2024-07-18 13:54:34','2024-07-18 13:54:34',0,NULL,NULL),(1813935463489126402,'13520506605','da274f814c06743b6063bee10c19c36e',NULL,NULL,'6605',NULL,NULL,NULL,'user','2024-07-18 13:54:50','2024-07-18 13:54:50',0,NULL,NULL),(1814904819161284610,'13631457177','da274f814c06743b6063bee10c19c36e',NULL,NULL,'7177',NULL,NULL,NULL,'user','2024-07-21 06:06:42','2024-07-21 06:06:42',0,NULL,NULL),(1814904897280196609,'15920499162','da274f814c06743b6063bee10c19c36e',NULL,NULL,'9162',NULL,NULL,NULL,'user','2024-07-21 06:07:01','2024-07-21 06:07:01',0,NULL,NULL),(1814905075299041282,'13570557069','da274f814c06743b6063bee10c19c36e',NULL,NULL,'7069',NULL,NULL,NULL,'user','2024-07-21 06:07:43','2024-07-21 06:07:43',0,NULL,NULL),(1815229779436122113,'13435619972','da274f814c06743b6063bee10c19c36e',NULL,NULL,'9972',NULL,NULL,NULL,'user','2024-07-22 03:37:59','2024-07-22 03:37:59',0,NULL,NULL),(1816352237937504258,'15217927243','da274f814c06743b6063bee10c19c36e',NULL,NULL,'7243',NULL,NULL,NULL,'user','2024-07-25 05:58:14','2024-07-25 05:58:14',0,NULL,NULL);

